{"stats":{"minecraft:custom":{"minecraft:time_since_rest":678,"minecraft:open_chest":2,"minecraft:play_time":9671,"minecraft:sprint_one_cm":11996,"minecraft:deaths":1,"minecraft:damage_taken":295,"minecraft:walk_one_cm":28971,"minecraft:sneak_time":168,"minecraft:drop":2,"minecraft:jump":206,"minecraft:damage_dealt":351,"minecraft:time_since_death":646,"minecraft:total_world_time":9671,"minecraft:interact_with_crafting_table":1,"minecraft:fall_one_cm":2200,"minecraft:fly_one_cm":53133},"minecraft:used":{"minecraft:wooden_axe":23,"carryon:entity_item":1,"minecraft:wooden_pickaxe":1},"minecraft:killed_by":{"untamedwilds:big_cat":1},"minecraft:mined":{"minecraft:grass":3,"minecraft:grass_block":2,"quark:jungle_chest":1},"minecraft:picked_up":{"minecraft:wooden_axe":1,"immersiveengineering:seed":1,"quark:jungle_chest":1,"minecraft:dirt":2,"alexsmobs:animal_dictionary":1},"minecraft:dropped":{"alexsmobs:animal_dictionary":1,"minecraft:wooden_axe":1},"minecraft:crafted":{"minecraft:stick":4,"minecraft:wooden_pickaxe":1,"minecraft:wooden_axe":1}},"DataVersion":2975}