{"stats":{"minecraft:picked_up":{"minecraft:spruce_log":1},"minecraft:custom":{"minecraft:jump":5,"minecraft:time_since_rest":3840,"minecraft:crouch_one_cm":199,"minecraft:leave_game":2,"minecraft:play_time":3840,"minecraft:sprint_one_cm":84,"minecraft:time_since_death":3840,"minecraft:walk_one_cm":1067,"minecraft:sneak_time":91,"minecraft:total_world_time":3840},"minecraft:used":{"minecraft:spruce_log":1},"minecraft:mined":{"minecraft:spruce_leaves":2,"minecraft:spruce_log":1}},"DataVersion":3465}