{"stats":{"minecraft:custom":{"minecraft:time_since_rest":636,"minecraft:sprint_one_cm":49022,"minecraft:damage_taken":270,"minecraft:walk_one_cm":164147,"minecraft:mob_kills":1,"minecraft:damage_dealt":205,"minecraft:interact_with_crafting_table":4,"minecraft:fly_one_cm":34543,"minecraft:open_chest":2,"minecraft:crouch_one_cm":300,"minecraft:play_time":15728,"minecraft:deaths":1,"minecraft:sneak_time":182,"minecraft:jump":197,"minecraft:leave_game":2,"minecraft:time_since_death":607,"minecraft:total_world_time":15728,"minecraft:fall_one_cm":2730},"minecraft:used":{"minecraft:wooden_axe":34,"minecraft:stripped_jungle_log":1,"carryon:entity_item":1,"quark:jungle_chest":1,"minecraft:mutton":1,"minecraft:crafting_table":1,"alexsmobs:banana":1,"untamedwilds:flora_elephant_ear":2},"minecraft:killed":{"alexsmobs:gazelle":1},"minecraft:killed_by":{"untamedwilds:big_cat":1},"minecraft:mined":{"treechop:chopped_log":6,"minecraft:grass":1,"minecraft:vine":5,"minecraft:jungle_log":1,"untamedwilds:flora_elephant_ear":2,"minecraft:tall_grass":1,"minecraft:oak_leaves":5},"minecraft:picked_up":{"minecraft:stick":7,"untamedwilds:flora_elephant_ear":2,"minecraft:jungle_log":42,"alexsmobs:gazelle_horn":1,"minecraft:stripped_jungle_log":1,"untamedwilds:spawn_tortoise":1,"alexsmobs:banana":1,"minecraft:jungle_sapling":6,"minecraft:mutton":1},"minecraft:crafted":{"minecraft:crafting_table":1,"minecraft:wooden_pickaxe":1,"quark:jungle_chest":1,"minecraft:wooden_axe":1,"minecraft:jungle_planks":168}},"DataVersion":2975}