{"stats":{"minecraft:custom":{"minecraft:jump":48,"minecraft:time_since_rest":7112,"minecraft:damage_dealt":78,"minecraft:crouch_one_cm":1116,"minecraft:sprint_one_cm":8225,"minecraft:leave_game":1,"minecraft:play_time":7112,"minecraft:damage_taken":170,"minecraft:time_since_death":7112,"minecraft:walk_one_cm":40088,"minecraft:sneak_time":117,"minecraft:total_world_time":7112,"minecraft:fall_one_cm":432,"minecraft:fly_one_cm":5480},"minecraft:mined":{"minecraft:tall_grass":2,"minecraft:grass":2,"minecraft:oak_log":1},"minecraft:picked_up":{"minecraft:oak_log":1}},"DataVersion":2975}